{
  "hash": "bfa02fb2",
  "configHash": "2447ff2d",
  "lockfileHash": "a9e53c5a",
  "browserHash": "03ee6a98",
  "optimized": {
    "@angular/common": {
      "src": "../../../../../../node_modules/@angular/common/fesm2022/common.mjs",
      "file": "@angular_common.js",
      "fileHash": "c99d548d",
      "needsInterop": false
    },
    "@angular/common/http": {
      "src": "../../../../../../node_modules/@angular/common/fesm2022/http.mjs",
      "file": "@angular_common_http.js",
      "fileHash": "7a511792",
      "needsInterop": false
    },
    "@angular/core": {
      "src": "../../../../../../node_modules/@angular/core/fesm2022/core.mjs",
      "file": "@angular_core.js",
      "fileHash": "b3a1c68a",
      "needsInterop": false
    },
    "@angular/forms": {
      "src": "../../../../../../node_modules/@angular/forms/fesm2022/forms.mjs",
      "file": "@angular_forms.js",
      "fileHash": "f808fefc",
      "needsInterop": false
    },
    "@angular/platform-browser": {
      "src": "../../../../../../node_modules/@angular/platform-browser/fesm2022/platform-browser.mjs",
      "file": "@angular_platform-browser.js",
      "fileHash": "63f52cec",
      "needsInterop": false
    },
    "@angular/router": {
      "src": "../../../../../../node_modules/@angular/router/fesm2022/router.mjs",
      "file": "@angular_router.js",
      "fileHash": "2b38e832",
      "needsInterop": false
    },
    "jquery": {
      "src": "../../../../../../node_modules/jquery/dist/jquery.js",
      "file": "jquery.js",
      "fileHash": "a9bd305f",
      "needsInterop": true
    },
    "jwt-decode": {
      "src": "../../../../../../node_modules/jwt-decode/build/esm/index.js",
      "file": "jwt-decode.js",
      "fileHash": "bdaf79de",
      "needsInterop": false
    },
    "rxjs": {
      "src": "../../../../../../node_modules/rxjs/dist/esm5/index.js",
      "file": "rxjs.js",
      "fileHash": "9342c9d4",
      "needsInterop": false
    },
    "rxjs/operators": {
      "src": "../../../../../../node_modules/rxjs/dist/esm5/operators/index.js",
      "file": "rxjs_operators.js",
      "fileHash": "730df454",
      "needsInterop": false
    }
  },
  "chunks": {
    "chunk-IGOLM3Y7": {
      "file": "chunk-IGOLM3Y7.js"
    },
    "chunk-ODK3YIQW": {
      "file": "chunk-ODK3YIQW.js"
    },
    "chunk-S6AH5IZC": {
      "file": "chunk-S6AH5IZC.js"
    },
    "chunk-B53HGIK3": {
      "file": "chunk-B53HGIK3.js"
    },
    "chunk-WCYHURJF": {
      "file": "chunk-WCYHURJF.js"
    },
    "chunk-AUREPRPG": {
      "file": "chunk-AUREPRPG.js"
    },
    "chunk-3TXA6K3X": {
      "file": "chunk-3TXA6K3X.js"
    },
    "chunk-3OV72XIM": {
      "file": "chunk-3OV72XIM.js"
    }
  }
}