{
  "hash": "555ad5c3",
  "configHash": "e43d6fd2",
  "lockfileHash": "60ccdaf5",
  "browserHash": "bb725ead",
  "optimized": {
    "@angular/common": {
      "src": "../../../../../../node_modules/@angular/common/fesm2022/common.mjs",
      "file": "@angular_common.js",
      "fileHash": "569e3bc9",
      "needsInterop": false
    },
    "@angular/common/http": {
      "src": "../../../../../../node_modules/@angular/common/fesm2022/http.mjs",
      "file": "@angular_common_http.js",
      "fileHash": "784f2a90",
      "needsInterop": false
    },
    "@angular/core": {
      "src": "../../../../../../node_modules/@angular/core/fesm2022/core.mjs",
      "file": "@angular_core.js",
      "fileHash": "51e786d5",
      "needsInterop": false
    },
    "@angular/forms": {
      "src": "../../../../../../node_modules/@angular/forms/fesm2022/forms.mjs",
      "file": "@angular_forms.js",
      "fileHash": "4155b630",
      "needsInterop": false
    },
    "@angular/platform-browser": {
      "src": "../../../../../../node_modules/@angular/platform-browser/fesm2022/platform-browser.mjs",
      "file": "@angular_platform-browser.js",
      "fileHash": "620eda5c",
      "needsInterop": false
    },
    "@angular/router": {
      "src": "../../../../../../node_modules/@angular/router/fesm2022/router.mjs",
      "file": "@angular_router.js",
      "fileHash": "f458b704",
      "needsInterop": false
    },
    "jquery": {
      "src": "../../../../../../node_modules/jquery/dist/jquery.js",
      "file": "jquery.js",
      "fileHash": "fd48c3f7",
      "needsInterop": true
    },
    "jwt-decode": {
      "src": "../../../../../../node_modules/jwt-decode/build/esm/index.js",
      "file": "jwt-decode.js",
      "fileHash": "1ad6902b",
      "needsInterop": false
    },
    "owl.carousel": {
      "src": "../../../../../../node_modules/owl.carousel/dist/owl.carousel.js",
      "file": "owl__carousel.js",
      "fileHash": "c1f9a2df",
      "needsInterop": true
    }
  },
  "chunks": {
    "chunk-GTHMDYXN": {
      "file": "chunk-GTHMDYXN.js"
    },
    "chunk-56YF6TF3": {
      "file": "chunk-56YF6TF3.js"
    },
    "chunk-HNEBD4OE": {
      "file": "chunk-HNEBD4OE.js"
    },
    "chunk-GD4FYAND": {
      "file": "chunk-GD4FYAND.js"
    },
    "chunk-3OV72XIM": {
      "file": "chunk-3OV72XIM.js"
    }
  }
}