{
  "hash": "7e9e40bd",
  "configHash": "72c61e3a",
  "lockfileHash": "8fcbb615",
  "browserHash": "087e94c7",
  "optimized": {
    "@angular/common": {
      "src": "../../../../../../node_modules/@angular/common/fesm2022/common.mjs",
      "file": "@angular_common.js",
      "fileHash": "5b1795de",
      "needsInterop": false
    },
    "@angular/common/http": {
      "src": "../../../../../../node_modules/@angular/common/fesm2022/http.mjs",
      "file": "@angular_common_http.js",
      "fileHash": "0d0c3650",
      "needsInterop": false
    },
    "@angular/core": {
      "src": "../../../../../../node_modules/@angular/core/fesm2022/core.mjs",
      "file": "@angular_core.js",
      "fileHash": "16e81316",
      "needsInterop": false
    },
    "@angular/forms": {
      "src": "../../../../../../node_modules/@angular/forms/fesm2022/forms.mjs",
      "file": "@angular_forms.js",
      "fileHash": "d6eb00fa",
      "needsInterop": false
    },
    "@angular/platform-browser": {
      "src": "../../../../../../node_modules/@angular/platform-browser/fesm2022/platform-browser.mjs",
      "file": "@angular_platform-browser.js",
      "fileHash": "7c115ee5",
      "needsInterop": false
    },
    "@angular/router": {
      "src": "../../../../../../node_modules/@angular/router/fesm2022/router.mjs",
      "file": "@angular_router.js",
      "fileHash": "b2569fbf",
      "needsInterop": false
    },
    "jwt-decode": {
      "src": "../../../../../../node_modules/jwt-decode/build/esm/index.js",
      "file": "jwt-decode.js",
      "fileHash": "95a92c4e",
      "needsInterop": false
    },
    "jquery": {
      "src": "../../../../../../node_modules/jquery/dist/jquery.js",
      "file": "jquery.js",
      "fileHash": "46ae1bd8",
      "needsInterop": true
    }
  },
  "chunks": {
    "chunk-GTHMDYXN": {
      "file": "chunk-GTHMDYXN.js"
    },
    "chunk-56YF6TF3": {
      "file": "chunk-56YF6TF3.js"
    },
    "chunk-HNEBD4OE": {
      "file": "chunk-HNEBD4OE.js"
    },
    "chunk-GD4FYAND": {
      "file": "chunk-GD4FYAND.js"
    },
    "chunk-3OV72XIM": {
      "file": "chunk-3OV72XIM.js"
    }
  }
}